{
    "selected_energy_dict":{
        "1/A":[
            -530.21321568,
            0.0
        ],
        "2/A":[
            -530.13617893,
            2.096278
        ],
        "3/A":[
            -530.11158466,
            2.765522
        ],
        "4/A":[
            -530.10006276,
            3.079049
        ],
        "5/A":[
            -530.0720459,
            3.841427
        ],
        "6/A":[
            -530.05809017,
            4.221182
        ],
        "7/A":[
            -530.05423838,
            4.325995
        ],
        "8/A":[
            -530.01961244,
            5.268215
        ],
        "9/A":[
            -530.01859602,
            5.295873
        ],
        "10/A":[
            -530.01375787,
            5.427526
        ],
        "11/A":[
            -530.01121913,
            5.496609
        ],
        "12/A":[
            -529.99219024,
            6.014412
        ],
        "13/A":[
            -529.98733199,
            6.146611
        ],
        "14/A":[
            -529.98075483,
            6.325585
        ],
        "15/A":[
            -529.97588232,
            6.458173
        ],
        "16/A":[
            -529.97516526,
            6.477685
        ],
        "17/A":[
            -529.97008942,
            6.615806
        ],
        "18/A":[
            -529.96873211,
            6.65274
        ],
        "19/A":[
            -529.96287936,
            6.812002
        ],
        "20/A":[
            -529.95635328,
            6.989585
        ]
    },
    "soclist_dict":{
        "1/A_2/A":[
            [
                "-0j",
                "(-6e-06-6.8e-05j)",
                "(-0-0j)"
            ],
            [
                "(6e-06-6.8e-05j)",
                "0j",
                "(-6e-06-6.8e-05j)"
            ],
            [
                "(-0+0j)",
                "(6e-06-6.8e-05j)",
                "0j"
            ]
        ],
        "1/A_3/A":[
            [
                "0.018147j",
                "(-1e-06+1e-06j)",
                "(-0-0j)"
            ],
            [
                "(1e-06+1e-06j)",
                "-0j",
                "(-1e-06+1e-06j)"
            ],
            [
                "(-0-0j)",
                "(1e-06+1e-06j)",
                "-0.018147j"
            ]
        ],
        "1/A_4/A":[
            [
                "(-0+0j)",
                "(3e-06-0j)",
                "-0j"
            ],
            [
                "(-3e-06-0j)",
                "(-0+0j)",
                "(3e-06-0j)"
            ],
            [
                "-0j",
                "(-3e-06-0j)",
                "(-0-0j)"
            ]
        ],
        "1/A_5/A":[
            [
                "(-0-0j)",
                "(0.000255+9.3e-05j)",
                "0j"
            ],
            [
                "(-0.000255+9.3e-05j)",
                "(-0-0j)",
                "(0.000255+9.3e-05j)"
            ],
            [
                "-0j",
                "(-0.000255+9.3e-05j)",
                "(-0+0j)"
            ]
        ],
        "1/A_6/A":[
            [
                "(-0+0j)",
                "0j",
                "0j"
            ],
            [
                "(-0+0j)",
                "(-0-0j)",
                "0j"
            ],
            [
                "-0j",
                "(-0+0j)",
                "(-0-0j)"
            ]
        ],
        "1/A_7/A":[
            [
                "0.196407j",
                "(-0+1e-06j)",
                "(-0-0j)"
            ],
            [
                "1e-06j",
                "-0j",
                "(-0+1e-06j)"
            ],
            [
                "(-0-0j)",
                "1e-06j",
                "-0.196407j"
            ]
        ],
        "1/A_8/A":[
            [
                "(-0-0.016144j)",
                "(1e-06-1e-06j)",
                "0j"
            ],
            [
                "(-1e-06-1e-06j)",
                "(-0+0j)",
                "(1e-06-1e-06j)"
            ],
            [
                "0j",
                "(-1e-06-1e-06j)",
                "(-0+0.016144j)"
            ]
        ],
        "1/A_9/A":[
            [
                "(-0+0j)",
                "(0.000402-0.000706j)",
                "-0j"
            ],
            [
                "(-0.000402-0.000706j)",
                "(-0+0j)",
                "(0.000402-0.000706j)"
            ],
            [
                "0j",
                "(-0.000402-0.000706j)",
                "(-0-0j)"
            ]
        ],
        "1/A_10/A":[
            [
                "(-0-0j)",
                "(0.000209+1.9e-05j)",
                "0j"
            ],
            [
                "(-0.000209+1.9e-05j)",
                "(-0-0j)",
                "(0.000209+1.9e-05j)"
            ],
            [
                "-0j",
                "(-0.000209+1.9e-05j)",
                "(-0+0j)"
            ]
        ],
        "1/A_11/A":[
            [
                "0j",
                "(-0.000391-7.2e-05j)",
                "(-0-0j)"
            ],
            [
                "(0.000391-7.2e-05j)",
                "0j",
                "(-0.000391-7.2e-05j)"
            ],
            [
                "(-0+0j)",
                "(0.000391-7.2e-05j)",
                "-0j"
            ]
        ],
        "1/A_12/A":[
            [
                "6e-06j",
                "(-0.151331-3e-06j)",
                "(-0-0j)"
            ],
            [
                "(0.151331-3e-06j)",
                "0j",
                "(-0.151331-3e-06j)"
            ],
            [
                "(-0-0j)",
                "(0.151331-3e-06j)",
                "-6e-06j"
            ]
        ],
        "1/A_13/A":[
            [
                "(-0-4e-06j)",
                "(2e-06-0.221907j)",
                "-0j"
            ],
            [
                "(-2e-06-0.221907j)",
                "(-0+0j)",
                "(2e-06-0.221907j)"
            ],
            [
                "0j",
                "(-2e-06-0.221907j)",
                "(-0+4e-06j)"
            ]
        ],
        "1/A_14/A":[
            [
                "(-0-1e-06j)",
                "(5e-06+1e-06j)",
                "0j"
            ],
            [
                "(-5e-06+1e-06j)",
                "(-0-0j)",
                "(5e-06+1e-06j)"
            ],
            [
                "-0j",
                "(-5e-06+1e-06j)",
                "(-0+1e-06j)"
            ]
        ],
        "1/A_15/A":[
            [
                "0j",
                "(-9.4e-05-0.000323j)",
                "(-0-0j)"
            ],
            [
                "(9.4e-05-0.000323j)",
                "0j",
                "(-9.4e-05-0.000323j)"
            ],
            [
                "(-0+0j)",
                "(9.4e-05-0.000323j)",
                "-0j"
            ]
        ],
        "1/A_16/A":[
            [
                "1e-06j",
                "(-9e-06-1e-06j)",
                "(-0-0j)"
            ],
            [
                "(9e-06-1e-06j)",
                "0j",
                "(-9e-06-1e-06j)"
            ],
            [
                "(-0-0j)",
                "(9e-06-1e-06j)",
                "-1e-06j"
            ]
        ],
        "1/A_17/A":[
            [
                "(-0-0.019943j)",
                "0j",
                "0j"
            ],
            [
                "(-0+0j)",
                "(-0+0j)",
                "0j"
            ],
            [
                "0j",
                "(-0+0j)",
                "(-0+0.019943j)"
            ]
        ],