{
    "selected_energy_dict":{
        "1/A":[
            -530.09821634,
            0.0
        ],
        "2/A":[
            -530.09555499,
            0.072419
        ],
        "3/A":[
            -530.07535252,
            0.622157
        ],
        "4/A":[
            -530.05721099,
            1.115813
        ],
        "5/A":[
            -530.02680499,
            1.943203
        ],
        "6/A":[
            -530.01501082,
            2.264139
        ],
        "7/A":[
            -530.00691294,
            2.484493
        ],
        "8/A":[
            -530.0060076,
            2.509129
        ],
        "9/A":[
            -530.00277485,
            2.597097
        ],
        "10/A":[
            -529.99102183,
            2.916913
        ],
        "11/A":[
            -529.97648352,
            3.312521
        ],
        "12/A":[
            -529.97360425,
            3.39087
        ],
        "13/A":[
            -529.97235951,
            3.424741
        ],
        "14/A":[
            -529.97079088,
            3.467425
        ],
        "15/A":[
            -529.96833916,
            3.53414
        ],
        "16/A":[
            -529.96116357,
            3.729398
        ],
        "17/A":[
            -529.95153696,
            3.991351
        ],
        "18/A":[
            -529.94454072,
            4.181729
        ],
        "19/A":[
            -529.94299696,
            4.223737
        ],
        "20/A":[
            -529.93578244,
            4.420054
        ]
    },
    "soclist_dict":{
        "1/A_2/A":[
            [
                "0j",
                "(-0.000467+8.1e-05j)",
                "(-0+0j)"
            ],
            [
                "(0.000467+8.1e-05j)",
                "-0j",
                "(-0.000467+8.1e-05j)"
            ],
            [
                "(-0-0j)",
                "(0.000467+8.1e-05j)",
                "-0j"
            ]
        ],
        "1/A_3/A":[
            [
                "-0j",
                "(-2.3e-05-8.2e-05j)",
                "(-0-0j)"
            ],
            [
                "(2.3e-05-8.2e-05j)",
                "0j",
                "(-2.3e-05-8.2e-05j)"
            ],
            [
                "(-0+0j)",
                "(2.3e-05-8.2e-05j)",
                "0j"
            ]
        ],
        "1/A_4/A":[
            [
                "0.014183j",
                "(-1e-06-0j)",
                "(-0-0j)"
            ],
            [
                "(1e-06-0j)",
                "-0j",
                "(-1e-06-0j)"
            ],
            [
                "(-0-0j)",
                "(1e-06-0j)",
                "-0.014183j"
            ]
        ],
        "1/A_5/A":[
            [
                "0j",
                "(-0.00012-8.2e-05j)",
                "(-0-0j)"
            ],
            [
                "(0.00012-8.2e-05j)",
                "0j",
                "(-0.00012-8.2e-05j)"
            ],
            [
                "(-0+0j)",
                "(0.00012-8.2e-05j)",
                "-0j"
            ]
        ],
        "1/A_6/A":[
            [
                "-0j",
                "(-2.7e-05+0.000203j)",
                "(-0+0j)"
            ],
            [
                "(2.7e-05+0.000203j)",
                "-0j",
                "(-2.7e-05+0.000203j)"
            ],
            [
                "(-0-0j)",
                "(2.7e-05+0.000203j)",
                "0j"
            ]
        ],
        "1/A_7/A":[
            [
                "0j",
                "(-1e-06-0j)",
                "(-0-0j)"
            ],
            [
                "(1e-06-0j)",
                "0j",
                "(-1e-06-0j)"
            ],
            [
                "(-0-0j)",
                "(1e-06-0j)",
                "-0j"
            ]
        ],
        "1/A_8/A":[
            [
                "(-0-0j)",
                "(1e-06+0j)",
                "0j"
            ],
            [
                "(-1e-06+0j)",
                "(-0-0j)",
                "(1e-06+0j)"
            ],
            [
                "0j",
                "(-1e-06+0j)",
                "(-0+0j)"
            ]
        ],
        "1/A_9/A":[
            [
                "(-0-0.020133j)",
                "1e-06j",
                "0j"
            ],
            [
                "(-0+1e-06j)",
                "(-0+0j)",
                "1e-06j"
            ],
            [
                "0j",
                "(-0+1e-06j)",
                "(-0+0.020133j)"
            ]
        ],
        "1/A_10/A":[
            [
                "(-0+0j)",
                "(4.9e-05-2.3e-05j)",
                "-0j"
            ],
            [
                "(-4.9e-05-2.3e-05j)",
                "(-0+0j)",
                "(4.9e-05-2.3e-05j)"
            ],
            [
                "0j",
                "(-4.9e-05-2.3e-05j)",
                "(-0-0j)"
            ]
        ],
        "1/A_11/A":[
            [
                "0.002602j",
                "(-0+0j)",
                "(-0-0j)"
            ],
            [
                "0j",
                "-0j",
                "(-0+0j)"
            ],
            [
                "(-0-0j)",
                "0j",
                "-0.002602j"
            ]
        ],
        "1/A_12/A":[
            [
                "(-0-0j)",
                "0j",
                "0j"
            ],
            [
                "(-0+0.013243j)",
                "(-0-0j)",
                "(-0-0j)"
            ],
            [
                "(-0+0j)",
                "0.015291j",
                "(-0-0j)"
            ],
            [
                "(-0+0j)",
                "(-0+0j)",
                "(-0+0.013243j)"
            ],
            [
                "0j",
                "0j",
                "(-0+0j)"
            ]
        ],
        "1/A_13/A":[
            [
                "(-0-0.000673j)",
                "-0j",
                "0j"
            ],
            [
                "(-0-0j)",
                "(-0+0j)",
                "-0j"
            ],
            [
                "0j",
                "(-0-0j)",
                "(-0+0.000673j)"
            ]
        ],
        "1/A_14/A":[
            [
                "(-0+0j)",
                "(0.000368+0.000234j)",
                "0j"
            ],
            [
                "(-0.000368+0.000234j)",
                "(-0-0j)",
                "(0.000368+0.000234j)"
            ],
            [
                "-0j",
                "(-0.000368+0.000234j)",
                "(-0-0j)"
            ]
        ],
        "1/A_15/A":[
            [
                "(-0.000112+1e-05j)",
                "0j",
                "0j"
            ],
            [
                "(-0-0j)",
                "(-7.9e-05+7e-06j)",
                "(-0+0j)"
            ],
            [
                "(-4.6e-05-4e-06j)",
                "-0j",
                "(-4.6e-05+4e-06j)"
            ],
            [
                "(-0-0j)",
                "(-7.9e-05-7e-06j)",
                "(-0-0j)"
            ],
            [
                "0j",
                "0j",
                "(-0.000112-1e-05j)"
            ]
        ],
        "1/A_16/A":[
            [
                "(-0-0j)",
                "(9e-06-0.000134j)",
                "-0j"
            ],
            [
                "(-9e-06-0.000134j)",
                "(-0+0j)",
                "(9e-06-0.000134j)"
            ],
            [
                "0j",
                "(-9e-06-0.000134j)",
                "(-0+0j)"
            ]
        ],