{
    "energy_dict":{
        "0":[
            -75.2893407459,
            0.0
        ],
        "1":[
            -74.90044744,
            10.5823
        ],
        "2":[
            -74.83147211,
            12.4592
        ],
        "3":[
            -74.82427797,
            12.655
        ],
        "4":[
            -74.75552488,
            14.5259
        ],
        "5":[
            -74.75235533,
            14.6121
        ],
        "6":[
            -74.70671388,
            15.8541
        ],
        "7":[
            -74.70216886,
            15.9778
        ],
        "8":[
            -74.5858924,
            19.1418
        ],
        "9":[
            -74.58052975,
            19.2877
        ],
        "10":[
            -74.42594217,
            23.4943
        ]
    },
    "soc_matrix_dict":{
        "0_1":[
            [
                "32.144081j"
            ],
            [
                "0j"
            ],
            [
                "-32.144081j"
            ]
        ],
        "0_2":[
            [
                "(-0+0j)"
            ],
            [
                "-0j"
            ],
            [
                "(-0-0j)"
            ]
        ],
        "0_3":0,
        "0_4":0,
        "0_5":[
            [
                "0j"
            ],
            [
                "-65.718539j"
            ],
            [
                "-0j"
            ]
        ],
        "0_6":0,
        "0_7":[
            [
                "(32.147494+0j)"
            ],
            [
                "0j"
            ],
            [
                "(32.147494-0j)"
            ]
        ],
        "0_8":0,
        "0_9":[
            [
                "(-26.57387+0j)"
            ],
            [
                "0j"
            ],
            [
                "(-26.57387-0j)"
            ]
        ],
        "0_10":0,
        "1_2":0,
        "1_3":[
            [
                "0j",
                "-0j",
                "-0j"
            ]
        ],
        "1_4":[
            [
                "(-0+29.203917j)",
                "-0j",
                "(-0-29.203917j)"
            ]
        ],
        "1_5":0,
        "1_6":[
            [
                "(-20.075515+0j)",
                "0j",
                "(-20.075515-0j)"
            ]
        ],
        "1_7":0,
        "1_8":[
            [
                "-0j",
                "10.96096j",
                "0j"
            ]
        ],
        "1_9":0,
        "1_10":[
            [
                "(-0-0j)",
                "-31.070774j",
                "(-0+0j)"
            ]
        ],
        "2_3":[
            [
                "-30.38298j",
                "0j",
                "30.38298j"
            ]
        ],
        "2_4":[
            [
                "(-0+0j)",
                "0j",
                "(-0-0j)"
            ]
        ],
        "2_5":0,
        "2_6":[
            [
                "-0j",
                "2.198605j",
                "0j"
            ]
        ],
        "2_7":0,
        "2_8":[
            [
                "(-11.981458+0j)",
                "0j",
                "(-11.981458-0j)"
            ]
        ],
        "2_9":0,
        "2_10":[
            [
                "(-22.515296+0j)",
                "-0j",
                "(-22.515296-0j)"
            ]
        ],
        "3_4":0,
        "3_5":0,
        "3_6":0,
        "3_7":0,
        "3_8":0,
        "3_9":0,
        "3_10":0,
        "4_5":0,
        "4_6":0,
        "4_7":0,
        "4_8":0,
        "4_9":0,
        "4_10":0,
        "5_6":[
            [
                "-0j",
                "-0j",
                "0j"
            ]
        ],
        "5_7":0,
        "5_8":[
            [
                "(-0+28.712883j)",
                "-0j",
                "(-0-28.712883j)"
            ]
        ],
        "5_9":0,
        "5_10":[
            [
                "9.914481j",
                "-0j",
                "-9.914481j"
            ]
        ],
        "6_7":0,
        "6_8":0,
        "6_9":0,
        "6_10":0,
        "7_8":[
            [
                "-0j",
                "0j",
                "0j"
            ]
        ],
        "7_9":0,
        "7_10":[
            [
                "(-0-0j)",
                "-0j",
                "(-0+0j)"
            ]
        ],
        "8_9":0,
        "8_10":0,
        "9_10":[
            [
                "(-0-0j)",
                "-0j",
                "(-0+0j)"
            ]
        ]
    },
    "socc_dict":{
        "0_1":45.458595,
        "0_2":0.0,
        "0_3":0,
        "0_4":0,
        "0_5":65.718539,
        "0_6":0,
        "0_7":45.463422,
        "0_8":0,
        "0_9":37.581127,
        "0_10":0,
        "1_2":0,
        "1_3":0.0,
        "1_4":41.300575,
        "1_5":0,
        "1_6":28.391066,
        "1_7":0,
        "1_8":10.96096,
        "1_9":0,
        "1_10":31.070774,
        "2_3":42.968022,
        "2_4":0.0,
        "2_5":0,
        "2_6":2.198605,
        "2_7":0,
        "2_8":16.94434,
        "2_9":0,
        "2_10":31.841437,
        "3_4":0,
        "3_5":0,
        "3_6":0,
        "3_7":0,
        "3_8":0,
        "3_9":0,
        "3_10":0,
        "4_5":0,
        "4_6":0,
        "4_7":0,
        "4_8":0,
        "4_9":0,
        "4_10":0,
        "5_6":0.0,
        "5_7":0,
        "5_8":40.606149,
        "5_9":0,
        "5_10":14.021193,
        "6_7":0,
        "6_8":0,
        "6_9":0,
        "6_10":0,
        "7_8":0.0,
        "7_9":0,
        "7_10":0.0,
        "8_9":0,
        "8_10":0,
        "9_10":0.0
    },
    "spin_dict":{
        "0":0.0,
        "1":2.0,
        "2":2.0,
        "3":0.0,
        "4":0.0,
        "5":2.0,
        "6":0.0,
        "7":2.0,
        "8":0.0,
        "9":2.0,
        "10":0.0
    },
    "angmoment_dict":{
        "0_1":[
            "0.0j",
            "0.0j",
            "0.0j"
        ],
        "0_2":[
            "0.0j",
            "0.0j",
            "0.0j"
        ],
        "0_3":[
            "-0.426029j",
            "-0.0j",
            "-0.0j"
        ],
        "0_4":[
            "-0.0j",
            "-0.0j",
            "0.0j"
        ],
        "0_5":[
            "0.0j",
            "0.0j",
            "0.0j"
        ],
        "0_6":[
            "-0.0j",
            "0.0j",
            "0.626006j"
        ],
        "0_7":[
            "0.0j",
            "0.0j",
            "0.0j"
        ],
        "0_8":[
            "-0.0j",
            "0.692931j",
            "-0.0j"
        ],
        "0_9":[
            "0.0j",
            "0.0j",
            "0.0j"
        ],
        "0_10":[
            "0.0j",
            "-0.000293j",
            "0.0j"
        ],
        "1_2":[
            "-0.942061j",
            "0.0j",
            "0.0j"
        ],
        "1_3":[
            "0j",
            "0j",
            "0j"
        ],
        "1_4":[
            "0j",
            "0j",
            "0j"
        ],
        "1_5":[
            "-0.0j",
            "-0.153979j",
            "0.0j"
        ],
        "1_6":[
            "0j",
            "0j",
            "0j"
        ],
        "1_7":[
            "-0.0j",
            "0.0j",
            "0.193638j"
        ],
        "1_8":[
            "0j",
            "0j",
            "0j"
        ],
        "1_9":[
            "0.0j",
            "0.0j",
            "0.872688j"
        ],
        "1_10":[
            "0j",
            "0j",
            "0j"
        ],
        "2_3":[
            "0j",
            "0j",
            "0j"
        ],
        "2_4":[
            "0j",
            "0j",
            "0j"
        ],
        "2_5":[
            "-0.0j",
            "0.0j",
            "-0.059805j"
        ],
        "2_6":[
            "0j",
            "0j",
            "0j"
        ],
        "2_7":[
            "0.0j",
            "-0.018856j",
            "0.0j"
        ],