{
    "energy_dict":{
        "0":[
            -74.9260078813,
            0.0
        ],
        "1":[
            -74.85535524,
            1.9226
        ],
        "2":[
            -74.61215178,
            8.5405
        ],
        "3":[
            -74.35746802,
            15.4708
        ],
        "4":[
            -74.29189107,
            17.2552
        ],
        "5":[
            -74.29062289,
            17.2897
        ]
    },
    "soc_matrix_dict":{
        "0_1":[
            [
                "0j",
                "44.698501j"
            ],
            [
                "(-0+44.698501j)",
                "-0j"
            ]
        ],
        "0_2":[
            [
                "34.443755j",
                "-0j"
            ],
            [
                "(-0-0j)",
                "-34.443755j"
            ]
        ],
        "0_3":[
            [
                "(-0+0j)",
                "0j"
            ],
            [
                "0j",
                "(-0+0j)"
            ],
            [
                "(-0-0j)",
                "(-0+0j)"
            ],
            [
                "0j",
                "(-0-0j)"
            ]
        ],
        "0_4":[
            [
                "0j",
                "(-0+0j)"
            ],
            [
                "0j",
                "-0j"
            ]
        ],
        "0_5":[
            [
                "-0j",
                "(-0-23.491592j)"
            ],
            [
                "-23.491592j",
                "0j"
            ]
        ],
        "1_2":[
            [
                "-0j",
                "(33.519573+0j)"
            ],
            [
                "(-33.519573+0j)",
                "0j"
            ]
        ],
        "1_3":[
            [
                "(-0+19.120791j)",
                "0j"
            ],
            [
                "-0j",
                "(-0+11.039394j)"
            ],
            [
                "(-0-11.039394j)",
                "(-0-0j)"
            ],
            [
                "0j",
                "(-0-19.120791j)"
            ]
        ],
        "1_4":[
            [
                "0j",
                "15.994893j"
            ],
            [
                "(-0+15.994893j)",
                "-0j"
            ]
        ],
        "1_5":[
            [
                "-0j",
                "(-0+0j)"
            ],
            [
                "0j",
                "0j"
            ]
        ],
        "2_3":[
            [
                "0j",
                "0j"
            ],
            [
                "(-0-1.78218j)",
                "0j"
            ],
            [
                "-0j",
                "-1.78218j"
            ],
            [
                "0j",
                "-0j"
            ]
        ],
        "2_4":[
            [
                "-5.116832j",
                "-0j"
            ],
            [
                "(-0-0j)",
                "5.116832j"
            ]
        ],
        "2_5":[
            [
                "-0j",
                "(-1.039799-0j)"
            ],
            [
                "(1.039799-0j)",
                "0j"
            ]
        ],
        "3_4":[
            [
                "-0j",
                "0j",
                "0j",
                "0j"
            ],
            [
                "0j",
                "-0j",
                "0j",
                "0j"
            ]
        ],
        "3_5":[
            [
                "(-0+22.651263j)",
                "-0j",
                "(-0-13.077713j)",
                "0j"
            ],
            [
                "0j",
                "(-0+13.077713j)",
                "-0j",
                "(-0-22.651263j)"
            ]
        ],
        "4_5":[
            [
                "-0j",
                "(-0-33.498098j)"
            ],
            [
                "-33.498098j",
                "0j"
            ]
        ]
    },
    "socc_dict":{
        "0_1":63.213226,
        "0_2":48.710825,
        "0_3":0.0,
        "0_4":0.0,
        "0_5":33.222128,
        "1_2":47.403834,
        "1_3":31.224121,
        "1_4":22.620194,
        "1_5":0.0,
        "2_3":2.520383,
        "2_4":7.236294,
        "2_5":1.470497,
        "3_4":0.0,
        "3_5":36.989357,
        "4_5":47.373464
    },
    "spin_dict":{
        "0":0.7514403421,
        "1":0.7514,
        "2":0.7509,
        "3":2.7105,
        "4":0.7916,
        "5":0.7506
    },
    "angmoment_dict":{
        "0_1":[
            "0.962137j",
            "0.0j",
            "-0.0j"
        ],
        "0_2":[
            "-0.0j",
            "-0.0j",
            "-0.949781j"
        ],
        "0_3":[
            "0.0j",
            "0.0j",
            "-0.0j"
        ],
        "0_4":[
            "-0.0j",
            "0.0j",
            "0.0j"
        ],
        "0_5":[
            "0.244651j",
            "-0.0j",
            "0.0j"
        ],
        "1_2":[
            "-0.0j",
            "0.90341j",
            "-0.0j"
        ],
        "1_3":[
            "0.170917j",
            "-0.0j",
            "-0.0j"
        ],
        "1_4":[
            "0.117263j",
            "0.0j",
            "-0.0j"
        ],
        "1_5":[
            "0.0j",
            "-0.0j",
            "0.0j"
        ],
        "2_3":[
            "-0.0j",
            "-0.0j",
            "-0.012885j"
        ],
        "2_4":[
            "-0.0j",
            "0.0j",
            "0.044803j"
        ],
        "2_5":[
            "-0.0j",
            "-0.040782j",
            "0.0j"
        ],
        "3_4":[
            "-0.0j",
            "-0.0j",
            "0.0j"
        ],
        "3_5":[
            "0.567657j",
            "-0.0j",
            "-0.0j"
        ],
        "4_5":[
            "-0.73104j",
            "0.0j",
            "0.0j"
        ]
    },
    "transitions_dict":[
        [
            {
                "state":1,
                "configuration":0,
                "SOMO":"4",
                "amplitude":1.0
            }
        ],
        [
            {
                "state":2,
                "configuration":0,
                "SOMO":"3",
                "amplitude":0.999
            }
        ],
        [
            {
                "state":3,
                "configuration":0,
                "SOMO":"4",
                "amplitude":0.795
            },
            {
                "state":3,
                "configuration":1,
                "SOMO":"1,5,6",
                "amplitude":-0.599
            }
        ],
        [
            {
                "state":4,
                "configuration":0,
                "SOMO":"1,5,6",
                "amplitude":0.788
            },
            {
                "state":4,
                "configuration":1,
                "SOMO":"4",
                "amplitude":0.595
            }
        ],
        [
            {
                "state":5,
                "configuration":0,
                "SOMO":"4,5,6",
                "amplitude":0.973
            },
            {
                "state":5,
                "configuration":1,
                "SOMO":"2",
                "amplitude":-0.232
            }
        ]
    ]
}