{
    "selected_energy_dict":{
        "T1":[
            -148.02922994,
            0.0
        ],
        "0":[
            -148.2698844117,
            -6.5485
        ],
        "T2":[
            -148.02922883,
            0.00010000000000065512
        ],
        "T3":[
            -148.01789588,
            0.30850000000000044
        ],
        "T4":[
            -147.97154589,
            1.5697
        ],
        "T5":[
            -147.97154589,
            1.5697
        ],
        "T6":[
            -147.84554857,
            4.9982999999999995
        ],
        "T7":[
            -147.82998915,
            5.4217
        ],
        "T8":[
            -147.82998915,
            5.4217
        ],
        "T9":[
            -147.63944643,
            10.6066
        ],
        "T10":[
            -147.63944643,
            10.6066
        ]
    },
    "soclist_dict":{
        "0_T1":[
            [
                "(-0-0j)",
                "-0j",
                "0j"
            ],
            [
                "(-0-0j)",
                "(-0+0j)",
                "-0j"
            ],
            [
                "0j",
                "(-0-0j)",
                "(-0+0j)"
            ]
        ],
        "T1_T2":[
            [
                "-103.786311j",
                "(-0-0j)",
                "(-0+0j)"
            ],
            [
                "0j",
                "0j",
                "(-0+0j)"
            ],
            [
                "(-0+0j)",
                "-0j",
                "103.786311j"
            ]
        ],
        "T1_T3":[
            [
                "(-0+1e-06j)",
                "0j",
                "-0j"
            ],
            [
                "(-0+0j)",
                "(-0-0j)",
                "0j"
            ],
            [
                "-0j",
                "(-0+0j)",
                "(-0-1e-06j)"
            ]
        ],
        "T1_T4":[
            [
                "0j",
                "(-0-0j)",
                "(-0-0j)"
            ],
            [
                "-0j",
                "-0j",
                "(-0-0j)"
            ],
            [
                "(-0-0j)",
                "-0j",
                "-0j"
            ]
        ],
        "T1_T5":[
            [
                "(-0-0j)",
                "0j",
                "0j"
            ],
            [
                "(-0+0j)",
                "(-0-0j)",
                "0j"
            ],
            [
                "-0j",
                "(-0+0j)",
                "(-0+0j)"
            ]
        ],
        "T1_T6":[
            [
                "0j",
                "(-0-0j)",
                "(-0-0j)"
            ],
            [
                "-0j",
                "-0j",
                "(-0-0j)"
            ],
            [
                "(-0-0j)",
                "-0j",
                "-0j"
            ]
        ],
        "T1_T7":[
            [
                "(-0-0j)",
                "(2.8e-05+0.851552j)",
                "0j"
            ],
            [
                "(-2.8e-05+0.851552j)",
                "(-0-0j)",
                "(2.8e-05+0.851552j)"
            ],
            [
                "-0j",
                "(-2.8e-05+0.851552j)",
                "(-0+0j)"
            ]
        ],
        "T1_T8":[
            [
                "0j",
                "(-0.851552+2.8e-05j)",
                "(-0+0j)"
            ],
            [
                "(0.851552+2.8e-05j)",
                "-0j",
                "(-0.851552+2.8e-05j)"
            ],
            [
                "(-0-0j)",
                "(0.851552+2.8e-05j)",
                "-0j"
            ]
        ],
        "T1_T9":[
            [
                "(-0-0j)",
                "(5.989424-1.4e-05j)",
                "-0j"
            ],
            [
                "(-5.989424-1.4e-05j)",
                "(-0+0j)",
                "(5.989424-1.4e-05j)"
            ],
            [
                "0j",
                "(-5.989424-1.4e-05j)",
                "(-0+0j)"
            ]
        ],
        "T1_T10":[
            [
                "-0j",
                "(-1.4e-05-5.989424j)",
                "(-0-0j)"
            ],
            [
                "(1.4e-05-5.989424j)",
                "0j",
                "(-1.4e-05-5.989424j)"
            ],
            [
                "(-0+0j)",
                "(1.4e-05-5.989424j)",
                "0j"
            ]
        ]
    },
    "spin_dict":{
        "T1":"2.0000000000",
        "0":"2.000000",
        "T2":"2.000000",
        "T3":"2.000000",
        "T4":"2.000000",
        "T5":"2.000000",
        "T6":"2.000000",
        "T7":"2.000000",
        "T8":"2.000000",
        "T9":"2.000000",
        "T10":"2.000000"
    },
    "orbitalmomentlist_dict":{
        "0_T1":[
            "-0.000000j",
            "-0.000000j",
            "0.000000j"
        ],
        "T1_T2":[
            "0.000000j",
            "-0.000000j",
            "-0.000000j"
        ],
        "T1_T3":[
            "-0.000000j",
            "0.000000j",
            "0.000000j"
        ],
        "T1_T4":[
            "0.000000j",
            "-0.000000j",
            "0.000000j"
        ],
        "T1_T5":[
            "-0.000000j",
            "0.000000j",
            "-0.000000j"
        ],
        "T1_T6":[
            "-0.000000j",
            "0.000000j",
            "-0.000000j"
        ],
        "T1_T7":[
            "-0.082631j",
            "0.000003j",
            "0.000000j"
        ],
        "T1_T8":[
            "-0.000003j",
            "-0.082631j",
            "0.000000j"
        ],
        "T1_T9":[
            "0.000001j",
            "0.578863j",
            "-0.000000j"
        ],
        "T1_T10":[
            "0.578863j",
            "-0.000001j",
            "0.000000j"
        ]
    },
    "transitions_dict":[
        [
            {
                "state":0,
                "transition/SOMO":[
                    8,
                    9
                ],
                "amplitude":1.0
            }
        ],
        [],
        [
            {
                "state":"T2",
                "transition/SOMO":"6-->9",
                "amplitude":-0.7071
            },
            {
                "state":"T2",
                "transition/SOMO":"7-->8",
                "amplitude":0.7071
            }
        ],
        [
            {
                "state":"T3",
                "transition/SOMO":"6-->9",
                "amplitude":0.7071
            },
            {
                "state":"T3",
                "transition/SOMO":"7-->8",
                "amplitude":0.7071
            }
        ],
        [
            {
                "state":"T4",
                "transition/SOMO":"5-->8",
                "amplitude":0.9985
            }
        ],
        [
            {
                "state":"T5",
                "transition/SOMO":"5-->9",
                "amplitude":0.9985
            }
        ],
        [
            {
                "state":"T6",
                "transition/SOMO":"7-->10",
                "amplitude":-0.3808
            },
            {
                "state":"T6",
                "transition/SOMO":"5-->10",
                "amplitude":-0.2924
            },
            {
                "state":"T6",
                "transition/SOMO":"6-->8",
                "amplitude":0.6169
            },
            {
                "state":"T6",
                "transition/SOMO":"7-->9",
                "amplitude":-0.6169
            }
        ],
        [
            {
                "state":"T7",
                "transition/SOMO":"9-->10",
                "amplitude":0.9901
            }
        ],
        [
            {
                "state":"T8",
                "transition/SOMO":"8-->10",
                "amplitude":0.9901
            }
        ],
        [
            {
                "state":"T9",