{
    "selected_energy_dict":{
        "1A1":[
            -497.647684868892,
            0.0
        ],
        "2A1":[
            -497.54589919644,
            2.76972906682
        ],
        "3A1":[
            -497.545868574535,
            2.770562331252
        ],
        "4A1":[
            -497.53548950189,
            3.052991267461
        ],
        "5A1":[
            -497.496940146106,
            4.101972608849
        ],
        "6A1":[
            -497.471906338174,
            4.783177181298
        ],
        "7A1":[
            -497.471887943234,
            4.783677733062
        ],
        "8A1":[
            -497.454356373406,
            5.260736020059
        ],
        "9A1":[
            -497.454344998904,
            5.261045536003
        ],
        "10A1":[
            -497.446179854063,
            5.483230431549
        ],
        "11A1":[
            -497.427371269624,
            5.995038054092
        ],
        "12A1":[
            -497.427343128289,
            5.995803818774
        ],
        "13A1":[
            -497.410848076317,
            6.444657019873
        ],
        "14A1":[
            -497.388035725666,
            7.065412664128
        ],
        "15A1":[
            -497.384164102238,
            7.170764897781
        ],
        "16A1":[
            -497.384087798167,
            7.172841237174
        ],
        "17A1":[
            -497.379792634238,
            7.289718594232
        ],
        "18A1":[
            -497.378502301198,
            7.324830342667
        ],
        "19A1":[
            -497.378456103236,
            7.326087453179
        ],
        "20A1":[
            -497.370785866061,
            7.534805225937
        ]
    },
    "soclist_dict":{
        "1A1_2A1":[
            [
                "2.1e-05j",
                "(-0.002085+0.000689j)"
            ],
            [
                "(0.002085+0.000689j)",
                "-2.1e-05j"
            ]
        ],
        "1A1_3A1":[
            [
                "-0.00011j",
                "(6.4e-05+0.000271j)"
            ],
            [
                "(-6.4e-05+0.000271j)",
                "0.00011j"
            ]
        ],
        "1A1_4A1":[
            [
                "0.07462j",
                "(-0.000375-0.001628j)"
            ],
            [
                "(0.000375-0.001628j)",
                "-0.07462j"
            ]
        ],
        "1A1_5A1":[
            [
                "0.149833j",
                "(-0.000662-0.002552j)"
            ],
            [
                "(0.000662-0.002552j)",
                "-0.149833j"
            ]
        ],
        "1A1_6A1":[
            [
                "0.000125j",
                "(-0.000927+0.001382j)"
            ],
            [
                "(0.000927+0.001382j)",
                "-0.000125j"
            ]
        ],
        "1A1_7A1":[
            [
                "-0.00013j",
                "(-0.001597+0.000638j)"
            ],
            [
                "(0.001597+0.000638j)",
                "0.00013j"
            ]
        ],
        "1A1_8A1":[
            [
                "-4.1e-05j",
                "(0.001479+0.002666j)"
            ],
            [
                "(-0.001479+0.002666j)",
                "4.1e-05j"
            ]
        ],
        "1A1_9A1":[
            [
                "-3.1e-05j",
                "(0.00044-0.000159j)"
            ],
            [
                "(-0.00044-0.000159j)",
                "3.1e-05j"
            ]
        ],
        "1A1_10A1":[
            [
                "-4.9e-05j",
                "(0.000186-0.000337j)"
            ],
            [
                "(-0.000186-0.000337j)",
                "4.9e-05j"
            ]
        ],
        "1A1_11A1":[
            [
                "-9e-06j",
                "(-0.001164-0.001661j)"
            ],
            [
                "(0.001164-0.001661j)",
                "9e-06j"
            ]
        ],
        "1A1_12A1":[
            [
                "4e-06j",
                "(0.001215-0.000744j)"
            ],
            [
                "(-0.001215-0.000744j)",
                "-4e-06j"
            ]
        ],
        "1A1_13A1":[
            [
                "0.003988j",
                "(-0.000135-3e-06j)"
            ],
            [
                "(0.000135-3e-06j)",
                "-0.003988j"
            ]
        ],
        "1A1_14A1":[
            [
                "0.003843j",
                "(0.001581+0.001343j)"
            ],
            [
                "(-0.001581+0.001343j)",
                "-0.003843j"
            ]
        ],
        "1A1_15A1":[
            [
                "3.6e-05j",
                "(0.001921-0.00053j)"
            ],
            [
                "(-0.001921-0.00053j)",
                "-3.6e-05j"
            ]
        ],
        "1A1_16A1":[
            [
                "-3.6e-05j",
                "(-0.000623-0.001923j)"
            ],
            [
                "(0.000623-0.001923j)",
                "3.6e-05j"
            ]
        ],
        "1A1_17A1":[
            [
                "-1.3e-05j",
                "(-0.01112-0.001172j)"
            ],
            [
                "(0.01112-0.001172j)",
                "1.3e-05j"
            ]
        ],
        "1A1_18A1":[
            [
                "-3e-05j",
                "(0.002451+8e-05j)"
            ],
            [
                "(-0.002451+8e-05j)",
                "3e-05j"
            ]
        ],
        "1A1_19A1":[
            [
                "2.8e-05j",
                "(0.001232-0.002863j)"
            ],
            [
                "(-0.001232-0.002863j)",
                "-2.8e-05j"
            ]
        ],
        "1A1_20A1":[
            [
                "0.000661j",
                "(-0.000175+0.001804j)"
            ],
            [
                "(0.000175+0.001804j)",
                "-0.000661j"
            ]
        ]
    },
    "spin_dict":{
        "1A1":"0.7500",
        "2A1":"0.7500",
        "3A1":"0.7500",
        "4A1":"0.7500",
        "5A1":"0.7500",
        "6A1":"0.7500",
        "7A1":"0.7500",
        "8A1":"0.7500",
        "9A1":"0.7500",
        "10A1":"0.7500",
        "11A1":"0.7500",
        "12A1":"0.7500",
        "13A1":"0.7500",
        "14A1":"0.7500",
        "15A1":"0.7500",
        "16A1":"0.7500",
        "17A1":"0.7500",
        "18A1":"0.7500",
        "19A1":"0.7500",
        "20A1":"0.7500"
    },
    "orbitalmomentlist_dict":{
        "1A1_2A1":[
            "-9.519e-06j",
            "-5.0469e-05j",
            "0.000137157j"
        ],
        "1A1_3A1":[
            "-3.2713e-05j",
            "-6.68e-07j",
            "-0.000900743j"
        ],
        "1A1_4A1":[
            "8.7093e-05j",
            "-6.782e-06j",
            "0.626699243j"
        ],
        "1A1_5A1":[
            "-0.000110826j",
            "-0.000112113j",
            "2.303457718j"
        ],
        "1A1_6A1":[
            "9.9707e-05j",
            "-0.000316333j",
            "0.004127652j"
        ],
        "1A1_7A1":[
            "-0.000290167j",
            "0.000117306j",
            "-0.00580614j"
        ],
        "1A1_8A1":[
            "-0.000186585j",
            "8.5496e-05j",
            "-0.000779958j"
        ],
        "1A1_9A1":[
            "3.2168e-05j",
            "9.8487e-05j",
            "-0.000627064j"
        ],
        "1A1_10A1":[
            "-1.766e-06j",
            "1.42e-06j",
            "-0.000730635j"
        ],
        "1A1_11A1":[
            "0.0001068j",
            "-3.1003e-05j",
            "0.001096413j"
        ],
        "1A1_12A1":[
            "-1.5299e-05j",
            "0.000112993j",
            "-0.000352913j"
        ],
        "1A1_13A1":[
            "0.000175091j",
            "-0.000125954j",
            "-0.342607926j"
        ],