{
    "selected_energy_dict":{
        "1B3u":[
            -3477.128174585171,
            0.0
        ],
        "1B2u":[
            -3477.036995972988,
            2.481096271729
        ],
        "2B3u":[
            -3477.036995971949,
            2.48109629999
        ],
        "2B2u":[
            -3477.008706364892,
            3.250895674187
        ],
        "1Ag":[
            -3476.978308745965,
            4.078056969829
        ],
        "2Ag":[
            -3476.958806482695,
            4.608740553742
        ],
        "3Ag":[
            -3476.958806482681,
            4.608740554129
        ],
        "3B3u":[
            -3476.957089795337,
            4.65545399346
        ],
        "4Ag":[
            -3476.94744495998,
            4.917903316526
        ],
        "3B2u":[
            -3476.925225377665,
            5.522528913724
        ]
    },
    "soclist_dict":{
        "1B3u_1B2u":[
            [
                "0j",
                "(41.48792-328.198806j)"
            ],
            [
                "(-41.48792-328.198806j)",
                "0j"
            ]
        ],
        "1B3u_2B3u":[
            [
                "0j",
                "(328.197825+41.487818j)"
            ],
            [
                "(-328.197825+41.487818j)",
                "0j"
            ]
        ],
        "1B3u_2B2u":[
            [
                "616.732049j",
                "0j"
            ],
            [
                "0j",
                "-616.732049j"
            ]
        ],
        "1B3u_1Ag":[
            [
                "0j",
                "0j"
            ],
            [
                "0j",
                "0j"
            ]
        ],
        "1B3u_2Ag":[
            [
                "0j",
                "(-0+0j)"
            ],
            [
                "0j",
                "0j"
            ]
        ],
        "1B3u_3Ag":[
            [
                "0j",
                "0j"
            ],
            [
                "0j",
                "0j"
            ]
        ],
        "1B3u_3B3u":[
            [
                "0j",
                "(-0+0j)"
            ],
            [
                "0j",
                "0j"
            ]
        ],
        "1B3u_4Ag":[
            [
                "0j",
                "(-0+0j)"
            ],
            [
                "0j",
                "0j"
            ]
        ],
        "1B3u_3B2u":[
            [
                "0j",
                "(-24.309501+209.543429j)"
            ],
            [
                "(24.309501+209.543429j)",
                "0j"
            ]
        ]
    },
    "spin_dict":{
        "1B3u":"0.7500",
        "1B2u":"0.7500",
        "2B3u":"0.7500",
        "2B2u":"0.7500",
        "1Ag":"0.7500",
        "2Ag":"0.7500",
        "3Ag":"0.7500",
        "3B3u":"0.7500",
        "4Ag":"0.7500",
        "3B2u":"0.7500"
    },
    "orbitalmomentlist_dict":{
        "1B3u_1B2u":[
            "0.645702291j",
            "0.081623894j",
            "0j"
        ],
        "1B3u_2B3u":[
            "-0.081624298j",
            "0.645706114j",
            "0j"
        ],
        "1B3u_2B2u":[
            "-0j",
            "0j",
            "1.294068298j"
        ],
        "1B3u_1Ag":[
            "-0j",
            "-0j",
            "1e-09j"
        ],
        "1B3u_2Ag":[
            "-0j",
            "-0j",
            "0j"
        ],
        "1B3u_3Ag":[
            "-0j",
            "0j",
            "-0j"
        ],
        "1B3u_3B3u":[
            "-0j",
            "-0j",
            "-0j"
        ],
        "1B3u_4Ag":[
            "0j",
            "-0j",
            "0j"
        ],
        "1B3u_3B2u":[
            "-0.469923304j",
            "-0.054516629j",
            "-0j"
        ]
    },
    "transitions_dict":[
        [
            {
                "state":1,
                "transition/SOMO":50,
                "amplitude":0.8794
            },
            {
                "state":1,
                "transition/SOMO":34,
                "amplitude":0.3858
            }
        ],
        [
            {
                "state":2,
                "transition/SOMO":46,
                "amplitude":0.7021
            },
            {
                "state":2,
                "transition/SOMO":38,
                "amplitude":0.6468
            }
        ],
        [
            {
                "state":3,
                "transition/SOMO":45,
                "amplitude":0.7021
            },
            {
                "state":3,
                "transition/SOMO":37,
                "amplitude":0.6468
            }
        ],
        [
            {
                "state":4,
                "transition/SOMO":43,
                "amplitude":0.8944
            },
            {
                "state":4,
                "transition/SOMO":36,
                "amplitude":0.3885
            }
        ],
        [
            {
                "state":5,
                "transition/SOMO":49,
                "amplitude":0.9983
            }
        ],
        [
            {
                "state":6,
                "transition/SOMO":48,
                "amplitude":0.9918
            }
        ],
        [
            {
                "state":7,
                "transition/SOMO":47,
                "amplitude":0.9918
            }
        ],
        [
            {
                "state":8,
                "transition/SOMO":42,
                "amplitude":0.9666
            },
            {
                "state":8,
                "transition/SOMO":35,
                "amplitude":0.2012
            }
        ],
        [
            {
                "state":9,
                "transition/SOMO":44,
                "amplitude":0.9987
            }
        ],
        [
            {
                "state":10,
                "transition/SOMO":38,
                "amplitude":0.7069
            },
            {
                "state":10,
                "transition/SOMO":46,
                "amplitude":0.6882
            }
        ]
    ]
}