{
    "selected_energy_dict":{
        "1Ag":[
            -3477.203885521216,
            0.0
        ],
        "1B1g":[
            -3477.155558215319,
            1.315052901263
        ],
        "1B3g":[
            -3477.14495544203,
            1.603569041709
        ],
        "1B2g":[
            -3477.144955442027,
            1.603569041773
        ],
        "2Ag":[
            -3477.135533015377,
            1.859966316006
        ],
        "2B3g":[
            -3476.998533972166,
            5.587899953132
        ],
        "2B2g":[
            -3476.998533970974,
            5.587899985554
        ],
        "3Ag":[
            -3476.993864972825,
            5.714949889278
        ],
        "4Ag":[
            -3476.965358966193,
            6.490637795522
        ],
        "2B1g":[
            -3476.960240900406,
            6.629907451381
        ]
    },
    "soclist_dict":{
        "1Ag_1B1g":[
            [
                "722.909164j",
                "(-0-8e-06j)"
            ],
            [
                "-8e-06j",
                "-722.909164j"
            ]
        ],
        "1Ag_1B3g":[
            [
                "0j",
                "(6.588685+351.887765j)"
            ],
            [
                "(-6.588685+351.887765j)",
                "0j"
            ]
        ],
        "1Ag_1B2g":[
            [
                "0j",
                "(351.88795-6.588682j)"
            ],
            [
                "(-351.88795-6.588682j)",
                "0j"
            ]
        ],
        "1Ag_2Ag":[
            [
                "0j",
                "-1e-06j"
            ],
            [
                "(-0-1e-06j)",
                "0j"
            ]
        ],
        "1Ag_2B3g":[
            [
                "-2e-06j",
                "(-0.05722-163.780707j)"
            ],
            [
                "(0.05722-163.780707j)",
                "2e-06j"
            ]
        ],
        "1Ag_2B2g":[
            [
                "0j",
                "(163.776036-0.057225j)"
            ],
            [
                "(-163.776036-0.057225j)",
                "0j"
            ]
        ],
        "1Ag_3Ag":[
            [
                "0j",
                "1e-06j"
            ],
            [
                "1e-06j",
                "(-0+0j)"
            ]
        ],
        "1Ag_4Ag":[
            [
                "0j",
                "0j"
            ],
            [
                "(-0+0j)",
                "0j"
            ]
        ],
        "1Ag_2B1g":[
            [
                "-254.795361j",
                "-2.4e-05j"
            ],
            [
                "(-0-2.4e-05j)",
                "254.795361j"
            ]
        ]
    },
    "spin_dict":{
        "1Ag":"0.7500",
        "1B1g":"0.7500",
        "1B3g":"0.7500",
        "1B2g":"0.7500",
        "2Ag":"0.7500",
        "2B3g":"0.7500",
        "2B2g":"0.7500",
        "3Ag":"0.7500",
        "4Ag":"0.7500",
        "2B1g":"0.7500"
    },
    "orbitalmomentlist_dict":{
        "1Ag_1B1g":[
            "-8e-09j",
            "1e-09j",
            "1.513691403j"
        ],
        "1Ag_1B3g":[
            "-0.726053715j",
            "0.013594508j",
            "0j"
        ],
        "1Ag_1B2g":[
            "0.013594495j",
            "0.726054241j",
            "2e-09j"
        ],
        "1Ag_2Ag":[
            "-0j",
            "0j",
            "1e-09j"
        ],
        "1Ag_2B3g":[
            "0.377031937j",
            "-0.000131705j",
            "1.5e-08j"
        ],
        "1Ag_2B2g":[
            "0.000131761j",
            "0.377009275j",
            "-1e-09j"
        ],
        "1Ag_3Ag":[
            "-2e-09j",
            "-1e-09j",
            "5e-09j"
        ],
        "1Ag_4Ag":[
            "-2e-09j",
            "-0j",
            "-0j"
        ],
        "1Ag_2B1g":[
            "-2.9e-08j",
            "0j",
            "-0.526908897j"
        ]
    },
    "transitions_dict":[
        [
            {
                "state":1,
                "transition/SOMO":50,
                "amplitude":0.9666
            },
            {
                "state":1,
                "transition/SOMO":43,
                "amplitude":0.191
            }
        ],
        [
            {
                "state":2,
                "transition/SOMO":34,
                "amplitude":0.9467
            },
            {
                "state":2,
                "transition/SOMO":41,
                "amplitude":0.3044
            }
        ],
        [
            {
                "state":3,
                "transition/SOMO":36,
                "amplitude":0.9488
            },
            {
                "state":3,
                "transition/SOMO":45,
                "amplitude":0.2934
            }
        ],
        [
            {
                "state":4,
                "transition/SOMO":35,
                "amplitude":0.9488
            },
            {
                "state":4,
                "transition/SOMO":44,
                "amplitude":0.2934
            }
        ],
        [
            {
                "state":5,
                "transition/SOMO":37,
                "amplitude":0.9694
            },
            {
                "state":5,
                "transition/SOMO":38,
                "amplitude":0.2283
            }
        ],
        [
            {
                "state":6,
                "transition/SOMO":45,
                "amplitude":0.8368
            },
            {
                "state":6,
                "transition/SOMO":36,
                "amplitude":0.2962
            },
            {
                "state":6,
                "transition/SOMO":"37,45,51",
                "amplitude":0.154
            },
            {
                "state":6,
                "transition/SOMO":"37,45,51",
                "amplitude":0.1511
            }
        ],
        [
            {
                "state":7,
                "transition/SOMO":44,
                "amplitude":0.8368
            },
            {
                "state":7,
                "transition/SOMO":35,
                "amplitude":0.2962
            },
            {
                "state":7,
                "transition/SOMO":"37,44,51",
                "amplitude":0.154
            },
            {
                "state":7,
                "transition/SOMO":"37,44,51",
                "amplitude":0.151
            }
        ],
        [
            {
                "state":8,
                "transition/SOMO":43,
                "amplitude":0.86
            },
            {
                "state":8,
                "transition/SOMO":50,
                "amplitude":0.2405
            },
            {
                "state":8,
                "transition/SOMO":"37,43,51",
                "amplitude":0.1597
            },
            {
                "state":8,
                "transition/SOMO":"37,43,51",
                "amplitude":0.1502
            }
        ],
        [
            {
                "state":9,
                "transition/SOMO":51,
                "amplitude":0.6091
            },
            {
                "state":9,
                "transition/SOMO":"43,50,51",
                "amplitude":0.5398
            },
            {
                "state":9,
                "transition/SOMO":"43,50,51",
                "amplitude":0.5222
            },
            {
                "state":9,
                "transition/SOMO":52,
                "amplitude":0.1098
            }
        ],
        [
            {
                "state":10,
                "transition/SOMO":41,
                "amplitude":0.8368
            },
            {
                "state":10,
                "transition/SOMO":34,
                "amplitude":0.3023
            },
            {
                "state":10,
                "transition/SOMO":"37,41,51",