{
    "selected_energy_dict":{
        "1B2":[
            -74.705061364492,
            0.0
        ],
        "1A1":[
            -74.620931776231,
            2.289282571655
        ],
        "1B1":[
            -74.410109656807,
            8.026044318483
        ]
    },
    "soclist_dict":{
        "1B2_1A1":[
            [
                "0j",
                "43.45942j"
            ],
            [
                "43.45942j",
                "0j"
            ]
        ],
        "1B2_1B1":[
            [
                "36.6579j",
                "0j"
            ],
            [
                "0j",
                "-36.6579j"
            ]
        ]
    },
    "spin_dict":{
        "1B2":"0.7500",
        "1A1":"0.7500",
        "1B1":"0.7500"
    },
    "orbitalmomentlist_dict":{
        "1B2_1A1":[
            "-0.952435979j",
            "0j",
            "-0j"
        ],
        "1B2_1B1":[
            "-0j",
            "0j",
            "0.906225539j"
        ]
    },
    "transitions_dict":[
        [
            {
                "state":1,
                "transition/SOMO":4,
                "amplitude":0.9874
            }
        ],
        [
            {
                "state":2,
                "transition/SOMO":5,
                "amplitude":0.9912
            }
        ],
        [
            {
                "state":3,
                "transition/SOMO":3,
                "amplitude":0.9797
            },
            {
                "state":3,
                "transition/SOMO":"3,5,6",
                "amplitude":0.1078
            }
        ]
    ]
}