{
    "selected_energy_dict":{
        "1A1":[
            -497.580777828796,
            0.0
        ],
        "5A1":[
            -497.424007341267,
            4.265942009993
        ]
    },
    "soclist_dict":{
        "1A1_5A1":[
            [
                "0.11608j",
                "(-0.000112-0.001353j)"
            ],
            [
                "(0.000112-0.001353j)",
                "-0.11608j"
            ]
        ]
    },
    "spin_dict":{
        "1A1":"0.7500",
        "5A1":"0.7500"
    },
    "orbitalmomentlist_dict":{
        "1A1_5A1":[
            "-0.000128898j",
            "-7.3509e-05j",
            "1.818801183j"
        ]
    },
    "transitions_dict":[
        [
            {
                "state":1,
                "transition/SOMO":44,
                "amplitude":0.9799
            },
            {
                "state":1,
                "transition/SOMO":"43,44,47",
                "amplitude":0.1163
            }
        ],
        [
            {
                "state":5,
                "transition/SOMO":41,
                "amplitude":0.9276
            },
            {
                "state":5,
                "transition/SOMO":45,
                "amplitude":0.2912
            },
            {
                "state":5,
                "transition/SOMO":"43,44,46",
                "amplitude":0.1291
            }
        ]
    ]
}